num_points,points,timestamp_ms
5,"[{""range"": 0.48671921180860866, ""doppler"": 0.0, ""angle"": -22.759116815674314, ""elevation"": 0.0}, {""range"": 0.720879876813374, ""doppler"": 0.0, ""angle"": 3.242109830352155, ""elevation"": 0.0}, {""range"": 0.6897429225120802, ""doppler"": 0.0, ""angle"": 4.192503869329226, ""elevation"": 0.0}, {""range"": 0.7500009156527861, ""doppler"": 0.0, ""angle"": 5.4999078604735985, ""elevation"": 0.0}, {""range"": 0.6430266927407204, ""doppler"": 0.0, ""angle"": 17.427211421866314, ""elevation"": 0.0}]",1784842438238.018
7,"[{""range"": 0.47453027244078505, ""doppler"": 0.0, ""angle"": -26.545740163480566, ""elevation"": 0.0}, {""range"": 0.4844812336756697, ""doppler"": 0.0, ""angle"": -22.893149201144606, ""elevation"": 0.0}, {""range"": 0.6973139342406028, ""doppler"": 0.0, ""angle"": 4.618444212842213, ""elevation"": 0.0}, {""range"": 0.6556256489801958, ""doppler"": 0.0, ""angle"": 25.873174321576226, ""elevation"": 0.0}, {""range"": 0.6646827830044824, ""doppler"": 0.0, ""angle"": 19.07836595538169, ""elevation"": 0.0}, {""range"": 0.6292479625622901, ""doppler"": 0.0, ""angle"": 31.201103059738898, ""elevation"": 0.0}, {""range"": 0.7779853990241248, ""doppler"": 0.0, ""angle"": 33.02165926428514, ""elevation"": 0.0}]",1784842438238.105
6,"[{""range"": 0.5881334099645503, ""doppler"": 0.0, ""angle"": -0.40066325579215395, ""elevation"": 0.0}, {""range"": 0.6094132613707761, ""doppler"": 0.0, ""angle"": 2.438435110352763, ""elevation"": 0.0}, {""range"": 0.628758436126077, ""doppler"": 0.0, ""angle"": 7.2705342597621865, ""elevation"": 0.0}, {""range"": 0.7522770435562547, ""doppler"": 0.0, ""angle"": 5.004545165346898, ""elevation"": 0.0}, {""range"": 0.671277178871006, ""doppler"": 0.0, ""angle"": 16.417102115144726, ""elevation"": 0.0}, {""range"": 0.7108904877820942, ""doppler"": 0.0, ""angle"": 12.389683644143267, ""elevation"": 0.0}]",1784842438238.152
7,"[{""range"": 0.575299896948835, ""doppler"": 0.0, ""angle"": -28.253715896967513, ""elevation"": 0.0}, {""range"": 0.5986312906429134, ""doppler"": 0.0, ""angle"": -25.684824555547326, ""elevation"": 0.0}, {""range"": 0.6589049880857527, ""doppler"": 0.0, ""angle"": 11.569132433310426, ""elevation"": 0.0}, {""range"": 0.6709813890573043, ""doppler"": 0.0, ""angle"": 12.810357185011704, ""elevation"": 0.0}, {""range"": 0.708768384946233, ""doppler"": 0.0, ""angle"": 11.142674971230823, ""elevation"": 0.0}, {""range"": 0.8106188081525865, ""doppler"": 0.0, ""angle"": 16.836040083955403, ""elevation"": 0.0}, {""range"": 0.7828458932597987, ""doppler"": 0.0, ""angle"": 29.217310760646416, ""elevation"": 0.0}]",1784842438238.2231
8,"[{""range"": 0.5275237757450728, ""doppler"": 0.0, ""angle"": -41.42709220113115, ""elevation"": 0.0}, {""range"": 0.4864582061456192, ""doppler"": 0.0, ""angle"": -26.15062238647048, ""elevation"": 0.0}, {""range"": 0.47559158617906677, ""doppler"": 0.0, ""angle"": -25.379989639112512, ""elevation"": 0.0}, {""range"": 0.6098656523428932, ""doppler"": 0.0, ""angle"": -5.484928233832378, ""elevation"": 0.0}, {""range"": 0.6414269181098934, ""doppler"": 0.0, ""angle"": -5.2623953995951185, ""elevation"": 0.0}, {""range"": 0.6807461510108846, ""doppler"": 0.0, ""angle"": 0.12040072535182775, ""elevation"": 0.0}, {""range"": 0.7113983776942051, ""doppler"": 0.0, ""angle"": -3.5017714778841245, ""elevation"": 0.0}, {""range"": 0.7724540511904195, ""doppler"": 0.0, ""angle"": 32.65633176208868, ""elevation"": 0.0}]",1784842438238.2688
9,"[{""range"": 0.46684428151216883, ""doppler"": 0.0, ""angle"": -28.6559978298042, ""elevation"": 0.0}, {""range"": 0.4952958771373046, ""doppler"": 0.0, ""angle"": -27.89727103094763, ""elevation"": 0.0}, {""range"": 0.5464217083694654, ""doppler"": 0.0, ""angle"": -26.61536210766826, ""elevation"": 0.0}, {""range"": 0.590089369894193, ""doppler"": 0.0, ""angle"": -22.03354462522411, ""elevation"": 0.0}, {""range"": 0.6322299623702953, ""doppler"": 0.0, ""angle"": -6.349139457914048, ""elevation"": 0.0}, {""range"": 0.6916914297506734, ""doppler"": 0.0, ""angle"": 12.329591489842583, ""elevation"": 0.0}, {""range"": 0.7262212430360904, ""doppler"": 0.0, ""angle"": 18.564324730568426, ""elevation"": 0.0}, {""range"": 0.7649603473311882, ""doppler"": 0.0, ""angle"": 25.444918834710528, ""elevation"": 0.0}, {""range"": 0.8034912562689424, ""doppler"": 0.0, ""angle"": 24.18646636391514, ""elevation"": 0.0}]",1784842438238.312
8,"[{""range"": 0.49645231039014814, ""doppler"": 0.0, ""angle"": -26.943448858505892, ""elevation"": 0.0}, {""range"": 0.5469616907061375, ""doppler"": 0.0, ""angle"": -24.428452675948197, ""elevation"": 0.0}, {""range"": 0.5975263938371296, ""doppler"": 0.0, ""angle"": -12.68874747282884, ""elevation"": 0.0}, {""range"": 0.6436953932590612, ""doppler"": 0.0, ""angle"": -1.8147677778419082, ""elevation"": 0.0}, {""range"": 0.6830959102652426, ""doppler"": 0.0, ""angle"": 10.009717458903367, ""elevation"": 0.0}, {""range"": 0.7315083982298627, ""doppler"": 0.0, ""angle"": 23.45053951698258, ""elevation"": 0.0}, {""range"": 0.7677113833922484, ""doppler"": 0.0, ""angle"": 31.74651210460916, ""elevation"": 0.0}, {""range"": 0.7945041364349827, ""doppler"": 0.0, ""angle"": 30.888565263541988, ""elevation"": 0.0}]",1784842438238.356
7,"[{""range"": 0.5672629908653075, ""doppler"": 0.0, ""angle"": -31.53059361764348, ""elevation"": 0.0}, {""range"": 0.5944472854686034, ""doppler"": 0.0, ""angle"": -22.515129275969592, ""elevation"": 0.0}, {""range"": 0.6292686942142048, ""doppler"": 0.0, ""angle"": -10.246596871843103, ""elevation"": 0.0}, {""range"": 0.6762546307483849, ""doppler"": 0.0, ""angle"": 8.117247120018295, ""elevation"": 0.0}, {""range"": 0.7191899995314498, ""doppler"": 0.0, ""angle"": 16.317187065967715, ""elevation"": 0.0}, {""range"": 0.7743965970913108, ""doppler"": 0.0, ""angle"": 30.668794329648804, ""elevation"": 0.0}, {""range"": 0.7914098080493862, ""doppler"": 0.0, ""angle"": 27.184534757838083, ""elevation"": 0.0}]",1784842438238.398
4,"[{""range"": 0.6886709875471785, ""doppler"": 0.0, ""angle"": 10.154485145419942, ""elevation"": 0.0}, {""range"": 0.726340902607657, ""doppler"": 0.0, ""angle"": 14.135453877842016, ""elevation"": 0.0}, {""range"": 0.8133175630764443, ""doppler"": 0.0, ""angle"": 17.662128135163677, ""elevation"": 0.0}, {""range"": 0.7803086883407826, ""doppler"": 0.0, ""angle"": 29.60808303834904, ""elevation"": 0.0}]",1784842438238.433
7,"[{""range"": 0.5087000303240063, ""doppler"": 0.0, ""angle"": -30.66671090324084, ""elevation"": 0.0}, {""range"": 0.5548131031489552, ""doppler"": 0.0, ""angle"": -31.79985449213086, ""elevation"": 0.0}, {""range"": 0.588798771663883, ""doppler"": 0.0, ""angle"": -23.443061989633573, ""elevation"": 0.0}, {""range"": 0.7066541397965873, ""doppler"": 0.0, ""angle"": 8.644751958185635, ""elevation"": 0.0}, {""range"": 0.7220245616283384, ""doppler"": 0.0, ""angle"": 12.704263653687297, ""elevation"": 0.0}, {""range"": 0.7651450130309079, ""doppler"": 0.0, ""angle"": 28.032316963808988, ""elevation"": 0.0}, {""range"": 0.7941296737122666, ""doppler"": 0.0, ""angle"": 31.417334034832606, ""elevation"": 0.0}]",1784842438238.473
8,"[{""range"": 0.4662178575796694, ""doppler"": 0.0, ""angle"": -26.319358945837752, ""elevation"": 0.0}, {""range"": 0.551624989548101, ""doppler"": 0.0, ""angle"": -26.822539899542328, ""elevation"": 0.0}, {""range"": 0.49528661323498296, ""doppler"": 0.0, ""angle"": -24.918170232181687, ""elevation"": 0.0}, {""range"": 0.5980556539029922, ""doppler"": 0.0, ""angle"": -17.199710147949578, ""elevation"": 0.0}, {""range"": 0.6176186957210362, ""doppler"": 0.0, ""angle"": -13.32410647741612, ""elevation"": 0.0}, {""range"": 0.7345689045292558, ""doppler"": 0.0, ""angle"": 11.813233928526522, ""elevation"": 0.0}, {""range"": 0.77424668116848, ""doppler"": 0.0, ""angle"": 22.05696215416381, ""elevation"": 0.0}, {""range"": 0.8039067611673311, ""doppler"": 0.0, ""angle"": 25.464988831425615, ""elevation"": 0.0}]",1784842438238.4993
6,"[{""range"": 0.4636893567340299, ""doppler"": 0.0, ""angle"": -27.26663741803021, ""elevation"": 0.0}, {""range"": 0.4788232509190671, ""doppler"": 0.0, ""angle"": -27.923967827732586, ""elevation"": 0.0}, {""range"": 0.614593897424275, ""doppler"": 0.0, ""angle"": -0.3334019949202735, ""elevation"": 0.0}, {""range"": 0.6284596530223902, ""doppler"": 0.0, ""angle"": -1.0597043258629317, ""elevation"": 0.0}, {""range"": 0.7019438415397153, ""doppler"": 0.0, ""angle"": 27.34182912236706, ""elevation"": 0.0}, {""range"": 0.701800477099071, ""doppler"": 0.0, ""angle"": 27.7925367637726, ""elevation"": 0.0}]",1784842438238.5203
10,"[{""range"": 0.39683352625763085, ""doppler"": 0.0, ""angle"": -29.475889003245747, ""elevation"": 0.0}, {""range"": 0.40106630122387327, ""doppler"": 0.0, ""angle"": -29.868452161091472, ""elevation"": 0.0}, {""range"": 0.4373089166310223, ""doppler"": 0.0, ""angle"": -29.951199842486364, ""elevation"": 0.0}, {""range"": 0.5057323412816517, ""doppler"": 0.0, ""angle"": -26.999925403104086, ""elevation"": 0.0}, {""range"": 0.5527718335282148, ""doppler"": 0.0, ""angle"": -23.911678173772994, ""elevation"": 0.0}, {""range"": 0.6099507118699117, ""doppler"": 0.0, ""angle"": -0.41992636774854797, ""elevation"": 0.0}, {""range"": 0.6270186780451634, ""doppler"": 0.0, ""angle"": 1.699575820863506, ""elevation"": 0.0}, {""range"": 0.6632696940756081, ""doppler"": 0.0, ""angle"": -0.6951155511311561, ""elevation"": 0.0}, {""range"": 0.7104987790203887, ""doppler"": 0.0, ""angle"": 1.9903391742609446, ""elevation"": 0.0}, {""range"": 0.8277888023529022, ""doppler"": 0.0, ""angle"": 5.876849446607573, ""elevation"": 0.0}]",1784842438238.553
5,"[{""range"": 0.6085208694401842, ""doppler"": 0.0, ""angle"": -13.648315602441361, ""elevation"": 0.0}, {""range"": 0.6328456543784473, ""doppler"": 0.0, ""angle"": -6.8318431528494665, ""elevation"": 0.0}, {""range"": 0.6607380300510685, ""doppler"": 0.0, ""angle"": 1.9385971351984297, ""elevation"": 0.0}, {""range"": 0.7313812777450734, ""doppler"": 0.0, ""angle"": 29.611094087932027, ""elevation"": 0.0}, {""range"": 0.7603548857158478, ""doppler"": 0.0, ""angle"": 36.72976432220384, ""elevation"": 0.0}]",1784842438238.573
5,"[{""range"": 0.6200880779859556, ""doppler"": 0.0, ""angle"": -35.50502625007902, ""elevation"": 0.0}, {""range"": 0.6214880932276999, ""doppler"": 0.0, ""angle"": -37.75353320518158, ""elevation"": 0.0}, {""range"": 0.6920911728308057, ""doppler"": 0.0, ""angle"": 21.905868403455862, ""elevation"": 0.0}, {""range"": 0.7500647764371108, ""doppler"": 0.0, ""angle"": 27.609676114672542, ""elevation"": 0.0}, {""range"": 0.7729128631566031, ""doppler"": 0.0, ""angle"": 31.46161233952598, ""elevation"": 0.0}]",1784842438238.593
8,"[{""range"": 0.5994151407359657, ""doppler"": 0.0, ""angle"": -21.820453064039565, ""elevation"": 0.0}, {""range"": 0.7706810869047774, ""doppler"": 0.0, ""angle"": -1.7284567497662708, ""elevation"": 0.0}, {""range"": 0.8782143789924249, ""doppler"": 0.0, ""angle"": 0.6649791880969829, ""elevation"": 0.0}, {""range"": 0.8996666599049224, ""doppler"": 0.0, ""angle"": 0.6263451287220129, ""elevation"": 0.0}, {""range"": 0.6792463542170483, ""doppler"": 0.0, ""angle"": 9.63837983557063, ""elevation"": 0.0}, {""range"": 0.7087829110720529, ""doppler"": 0.0, ""angle"": 3.8188824144963167, ""elevation"": 0.0}, {""range"": 1.5565103857516396, ""doppler"": 0.0, ""angle"": 8.935327576543436, ""elevation"": 0.0}, {""range"": 1.592607136753039, ""doppler"": 0.0, ""angle"": 13.373127480812894, ""elevation"": 0.0}]",1784842438238.6182
5,"[{""range"": 0.6153018919324831, ""doppler"": 0.0, ""angle"": -28.255646316197513, ""elevation"": 0.0}, {""range"": 0.6081655649112347, ""doppler"": 0.0, ""angle"": -23.331311563066407, ""elevation"": 0.0}, {""range"": 0.8838686676385513, ""doppler"": 0.0, ""angle"": 1.1244389083870105, ""elevation"": 0.0}, {""range"": 0.897865362394789, ""doppler"": 0.0, ""angle"": 1.2666922998484689, ""elevation"": 0.0}, {""range"": 0.6726669583077058, ""doppler"": 0.0, ""angle"": 21.668479443632403, ""elevation"": 0.0}]",1784842438238.6382
5,"[{""range"": 0.6453898512087246, ""doppler"": 0.0, ""angle"": -24.853860265907493, ""elevation"": 0.0}, {""range"": 0.6191265860529453, ""doppler"": 0.0, ""angle"": -14.963395619597462, ""elevation"": 0.0}, {""range"": 0.6094697925380438, ""doppler"": 0.0, ""angle"": -5.269003020168176, ""elevation"": 0.0}, {""range"": 0.7393381016834637, ""doppler"": 0.0, ""angle"": 18.456859253790146, ""elevation"": 0.0}, {""range"": 0.7659345376767748, ""doppler"": 0.0, ""angle"": 26.481302968483163, ""elevation"": 0.0}]",1784842438238.6592
3,"[{""range"": 0.6251759147831771, ""doppler"": 0.0, ""angle"": -42.07856993404129, ""elevation"": 0.0}, {""range"": 0.7503749439980039, ""doppler"": 0.0, ""angle"": 20.447379287318252, ""elevation"": 0.0}, {""range"": 0.7702050872469145, ""doppler"": 0.0, ""angle"": 27.54665851426522, ""elevation"": 0.0}]",1784842438238.6748
5,"[{""range"": 0.535308116793208, ""doppler"": 0.0, ""angle"": -12.736400204797835, ""elevation"": 0.0}, {""range"": 0.5656995790068022, ""doppler"": 0.0, ""angle"": -8.360616092819242, ""elevation"": 0.0}, {""range"": 0.5902539631861333, ""doppler"": 0.0, ""angle"": -7.047511114454166, ""elevation"": 0.0}, {""range"": 0.6117327401989137, ""doppler"": 0.0, ""angle"": -6.798873706247404, ""elevation"": 0.0}, {""range"": 0.8311724845346368, ""doppler"": 0.0, ""angle"": 39.745598669767446, ""elevation"": 0.0}]",1784842438238.6938
3,"[{""range"": 0.8724221905951565, ""doppler"": 0.0, ""angle"": 2.302344152032251, ""elevation"": 0.0}, {""range"": 0.8274177521553249, ""doppler"": 0.0, ""angle"": 11.948603515826703, ""elevation"": 0.0}, {""range"": 0.8087142827501841, ""doppler"": 0.0, ""angle"": 19.77312972986442, ""elevation"": 0.0}]",1784842438238.708
4,"[{""range"": 0.6204130285644026, ""doppler"": 0.0, ""angle"": -36.91613587152122, ""elevation"": 0.0}, {""range"": 0.6515661044313209, ""doppler"": 0.0, ""angle"": -36.23777642373061, ""elevation"": 0.0}, {""range"": 0.606390322375183, ""doppler"": 0.0, ""angle"": -31.482426657025538, ""elevation"": 0.0}, {""range"": 1.5561901279610542, ""doppler"": 0.0, ""angle"": 3.9664755026869543, ""elevation"": 0.0}]",1784842438238.7239
4,"[{""range"": 0.6197987346171588, ""doppler"": 0.0, ""angle"": -30.841856833803153, ""elevation"": 0.0}, {""range"": 0.6056133356861175, ""doppler"": 0.0, ""angle"": -24.658167165155458, ""elevation"": 0.0}, {""range"": 1.5607728445292668, ""doppler"": 0.0, ""angle"": 4.547224463115903, ""elevation"": 0.0}, {""range"": 0.78194431841232, ""doppler"": 0.0, ""angle"": 19.89355395413416, ""elevation"": 0.0}]",1784842438238.7432
3,"[{""range"": 0.5678653377951688, ""doppler"": 0.0, ""angle"": -19.95844395119724, ""elevation"": 0.0}, {""range"": 0.6057315888876815, ""doppler"": 0.0, ""angle"": -0.9810541599562257, ""elevation"": 0.0}, {""range"": 0.6151725623854486, ""doppler"": 0.0, ""angle"": 0.7494659953151518, ""elevation"": 0.0}]",1784842438238.761
7,"[{""range"": 0.6482349172866484, ""doppler"": 0.0, ""angle"": -40.95101021769854, ""elevation"": 0.0}, {""range"": 0.5287497499878943, ""doppler"": 0.0, ""angle"": -26.686366923366666, ""elevation"": 0.0}, {""range"": 0.5639716935103443, ""doppler"": 0.0, ""angle"": -21.325754792599728, ""elevation"": 0.0}, {""range"": 0.6120560929291294, ""doppler"": 0.0, ""angle"": 1.8918649378774253, ""elevation"": 0.0}, {""range"": 1.5586008122553825, ""doppler"": 0.0, ""angle"": 6.098463339680276, ""elevation"": 0.0}, {""range"": 1.5824490170133312, ""doppler"": 0.0, ""angle"": 8.565020013813944, ""elevation"": 0.0}, {""range"": 0.7397796983671441, ""doppler"": 0.0, ""angle"": 35.40727373097137, ""elevation"": 0.0}]",1784842438238.785
3,"[{""range"": 0.8565928249438117, ""doppler"": 0.0, ""angle"": -0.7535336101516343, ""elevation"": 0.0}, {""range"": 0.8865610191817458, ""doppler"": 0.0, ""angle"": -1.1556991902394858, ""elevation"": 0.0}, {""range"": 0.6190459897156683, ""doppler"": 0.0, ""angle"": 5.5030961077903795, ""elevation"": 0.0}]",1784842438238.802
4,"[{""range"": 0.8564906349626344, ""doppler"": 0.0, ""angle"": 1.974109539999467, ""elevation"": 0.0}, {""range"": 0.8785539131619372, ""doppler"": 0.0, ""angle"": -1.7261677139164198, ""elevation"": 0.0}, {""range"": 0.814266452102261, ""doppler"": 0.0, ""angle"": 8.473527709546572, ""elevation"": 0.0}, {""range"": 0.8367654944994901, ""doppler"": 0.0, ""angle"": 4.817532184234713, ""elevation"": 0.0}]",1784842438238.82
4,"[{""range"": 0.8647624706353864, ""doppler"": 0.0, ""angle"": 3.105568564309065, ""elevation"": 0.0}, {""range"": 0.8912402204061642, ""doppler"": 0.0, ""angle"": 2.345744532465485, ""elevation"": 0.0}, {""range"": 0.7997957304217216, ""doppler"": 0.0, ""angle"": 10.134129451472667, ""elevation"": 0.0}, {""range"": 0.8394590550759208, ""doppler"": 0.0, ""angle"": 3.6638843287017595, ""elevation"": 0.0}]",1784842438238.84
6,"[{""range"": 0.5168023707028366, ""doppler"": 0.0, ""angle"": -27.354126073679193, ""elevation"": 0.0}, {""range"": 0.8641536510428354, ""doppler"": 0.0, ""angle"": -5.676381775936221, ""elevation"": 0.0}, {""range"": 0.6281503183277746, ""doppler"": 0.0, ""angle"": 2.316685578777149, ""elevation"": 0.0}, {""range"": 0.6587554363757949, ""doppler"": 0.0, ""angle"": -1.3531919537796904, ""elevation"": 0.0}, {""range"": 0.6020099809776123, ""doppler"": 0.0, ""angle"": 4.56577841384553, ""elevation"": 0.0}, {""range"": 0.8224661352175398, ""doppler"": 0.0, ""angle"": 4.863986271136004, ""elevation"": 0.0}]",1784842438238.866
8,"[{""range"": 0.6127135584947123, ""doppler"": 0.0, ""angle"": -31.003903718355023, ""elevation"": 0.0}, {""range"": 0.614656220556605, ""doppler"": 0.0, ""angle"": -2.9015268988115945, ""elevation"": 0.0}, {""range"": 0.6314089160264508, ""doppler"": 0.0, ""angle"": -2.7594981949452957, ""elevation"": 0.0}, {""range"": 0.7030448401710472, ""doppler"": 0.0, ""angle"": 2.1281080896073705, ""elevation"": 0.0}, {""range"": 0.8607109866981695, ""doppler"": 0.0, ""angle"": 3.3944200509936304, ""elevation"": 0.0}, {""range"": 0.6587059746809402, ""doppler"": 0.0, ""angle"": 4.577642248304065, ""elevation"": 0.0}, {""range"": 0.8416579092661043, ""doppler"": 0.0, ""angle"": 8.515718027142047, ""elevation"": 0.0}, {""range"": 0.7990210567608698, ""doppler"": 0.0, ""angle"": 25.859713886268096, ""elevation"": 0.0}]",1784842438238.89
7,"[{""range"": 0.5685744395018496, ""doppler"": 0.0, ""angle"": -34.259807893869635, ""elevation"": 0.0}, {""range"": 0.5993575278492811, ""doppler"": 0.0, ""angle"": -38.969483293936335, ""elevation"": 0.0}, {""range"": 0.6192005364220544, ""doppler"": 0.0, ""angle"": -40.96022983675104, ""elevation"": 0.0}, {""range"": 0.5255998883957265, ""doppler"": 0.0, ""angle"": -30.255034058851866, ""elevation"": 0.0}, {""range"": 0.643511700316354, ""doppler"": 0.0, ""angle"": 4.8297496335990715, ""elevation"": 0.0}, {""range"": 0.6691870381650205, ""doppler"": 0.0, ""angle"": 4.843741809617674, ""elevation"": 0.0}, {""range"": 1.5595144696628322, ""doppler"": 0.0, ""angle"": 6.914784463719696, ""elevation"": 0.0}]",1784842438238.913
7,"[{""range"": 0.5659366387665314, ""doppler"": 0.0, ""angle"": -34.860026427541754, ""elevation"": 0.0}, {""range"": 0.5961309015524252, ""doppler"": 0.0, ""angle"": -35.20603007679138, ""elevation"": 0.0}, {""range"": 0.6170162334164024, ""doppler"": 0.0, ""angle"": -33.2709836136552, ""elevation"": 0.0}, {""range"": 0.6673279011504263, ""doppler"": 0.0, ""angle"": -1.305092186457813, ""elevation"": 0.0}, {""range"": 1.5612415001598747, ""doppler"": 0.0, ""angle"": 6.9467612172212725, ""elevation"": 0.0}, {""range"": 1.5874096513316263, ""doppler"": 0.0, ""angle"": 8.583741891390808, ""elevation"": 0.0}, {""range"": 0.7891332628403255, ""doppler"": 0.0, ""angle"": 21.14563724611439, ""elevation"": 0.0}]",1784842438238.934
6,"[{""range"": 0.5305564618227595, ""doppler"": 0.0, ""angle"": -32.58671379077485, ""elevation"": 0.0}, {""range"": 0.5729753455325838, ""doppler"": 0.0, ""angle"": -27.548676041013618, ""elevation"": 0.0}, {""range"": 0.6106362072580808, ""doppler"": 0.0, ""angle"": -15.855514819388256, ""elevation"": 0.0}, {""range"": 0.6221164978514991, ""doppler"": 0.0, ""angle"": -9.930706531378279, ""elevation"": 0.0}, {""range"": 1.5629302791327127, ""doppler"": 0.0, ""angle"": 6.912804705717421, ""elevation"": 0.0}, {""range"": 0.8043524223367293, ""doppler"": 0.0, ""angle"": 37.99340012241647, ""elevation"": 0.0}]",1784842438238.952
5,"[{""range"": 0.5683327133715064, ""doppler"": 0.0, ""angle"": -34.320050708538545, ""elevation"": 0.0}, {""range"": 0.6198911741309555, ""doppler"": 0.0, ""angle"": -13.206450777229502, ""elevation"": 0.0}, {""range"": 0.6259490000982794, ""doppler"": 0.0, ""angle"": -5.902772689181713, ""elevation"": 0.0}, {""range"": 0.6414678925928774, ""doppler"": 0.0, ""angle"": -0.7986070400184816, ""elevation"": 0.0}, {""range"": 0.8424049512448538, ""doppler"": 0.0, ""angle"": 3.1393527126009793, ""elevation"": 0.0}]",1784842438238.97
7,"[{""range"": 0.5814030790757606, ""doppler"": 0.0, ""angle"": -30.966778620762796, ""elevation"": 0.0}, {""range"": 0.6178659279877117, ""doppler"": 0.0, ""angle"": -17.742776484664244, ""elevation"": 0.0}, {""range"": 0.6278876574018983, ""doppler"": 0.0, ""angle"": -5.54011397699074, ""elevation"": 0.0}, {""range"": 0.6389983682919226, ""doppler"": 0.0, ""angle"": 0.994117506980971, ""elevation"": 0.0}, {""range"": 0.8664531547122637, ""doppler"": 0.0, ""angle"": 2.981092207825712, ""elevation"": 0.0}, {""range"": 0.8428362880279949, ""doppler"": 0.0, ""angle"": 5.075571865916268, ""elevation"": 0.0}, {""range"": 0.782740795035248, ""doppler"": 0.0, ""angle"": 23.707322966548123, ""elevation"": 0.0}]",1784842438238.9949
8,"[{""range"": 0.5880727344505525, ""doppler"": 0.0, ""angle"": -24.48432625258089, ""elevation"": 0.0}, {""range"": 0.6169830411472925, ""doppler"": 0.0, ""angle"": -11.84076546696647, ""elevation"": 0.0}, {""range"": 0.6282025675734919, ""doppler"": 0.0, ""angle"": -6.4392476266373695, ""elevation"": 0.0}, {""range"": 0.6430364138806639, ""doppler"": 0.0, ""angle"": -4.705423705113902, ""elevation"": 0.0}, {""range"": 0.8993437538702492, ""doppler"": 0.0, ""angle"": -4.641601098624843, ""elevation"": 0.0}, {""range"": 0.8420383671916378, ""doppler"": 0.0, ""angle"": -1.1924757071977339, ""elevation"": 0.0}, {""range"": 0.8720769509677266, ""doppler"": 0.0, ""angle"": -2.8442183253186846, ""elevation"": 0.0}, {""range"": 0.7888888990081692, ""doppler"": 0.0, ""angle"": 40.27448939609278, ""elevation"": 0.0}]",1784842438239.018
4,"[{""range"": 0.5767793616297505, ""doppler"": 0.0, ""angle"": -30.68349442689651, ""elevation"": 0.0}, {""range"": 0.62228795764053, ""doppler"": 0.0, ""angle"": -7.412952938766386, ""elevation"": 0.0}, {""range"": 0.6305441809670465, ""doppler"": 0.0, ""angle"": -3.414167379726432, ""elevation"": 0.0}, {""range"": 0.6477878259847454, ""doppler"": 0.0, ""angle"": -3.21229032619376, ""elevation"": 0.0}]",1784842438239.0342
6,"[{""range"": 0.5651064945333382, ""doppler"": 0.0, ""angle"": -32.24176010811167, ""elevation"": 0.0}, {""range"": 0.6927372978024268, ""doppler"": 0.0, ""angle"": -6.521481056423329, ""elevation"": 0.0}, {""range"": 0.6279510797869597, ""doppler"": 0.0, ""angle"": 3.281192021187573, ""elevation"": 0.0}, {""range"": 0.6347305814536751, ""doppler"": 0.0, ""angle"": 1.1138097425417282, ""elevation"": 0.0}, {""range"": 0.655288175906268, ""doppler"": 0.0, ""angle"": -2.17375528456143, ""elevation"": 0.0}, {""range"": 1.5570209444230398, ""doppler"": 0.0, ""angle"": 7.191124950951338, ""elevation"": 0.0}]",1784842438239.052
8,"[{""range"": 0.5733882593390733, ""doppler"": 0.0, ""angle"": -36.66977598395475, ""elevation"": 0.0}, {""range"": 0.6921822495995109, ""doppler"": 0.0, ""angle"": -5.365956596668665, ""elevation"": 0.0}, {""range"": 0.6310539324997498, ""doppler"": 0.0, ""angle"": 1.9810885304095376, ""elevation"": 0.0}, {""range"": 0.6514760734558248, ""doppler"": 0.0, ""angle"": -1.54135963541267, ""elevation"": 0.0}, {""range"": 0.6251710815920828, ""doppler"": 0.0, ""angle"": 4.379851857975087, ""elevation"": 0.0}, {""range"": 1.554958611407748, ""doppler"": 0.0, ""angle"": 9.037708180183337, ""elevation"": 0.0}, {""range"": 0.7825778097355073, ""doppler"": 0.0, ""angle"": 31.13663797858941, ""elevation"": 0.0}, {""range"": 0.8057792586023691, ""doppler"": 0.0, ""angle"": 38.75710812576484, ""elevation"": 0.0}]",1784842438239.074
3,"[{""range"": 0.5965418306733612, ""doppler"": 0.0, ""angle"": -41.67062213203308, ""elevation"": 0.0}, {""range"": 0.6255223751449329, ""doppler"": 0.0, ""angle"": 2.4411744473055075, ""elevation"": 0.0}, {""range"": 0.8268717694284778, ""doppler"": 0.0, ""angle"": 26.426521999446926, ""elevation"": 0.0}]",1784842438239.089
3,"[{""range"": 0.598035176856039, ""doppler"": 0.0, ""angle"": -37.19882566919007, ""elevation"": 0.0}, {""range"": 0.6170167257160891, ""doppler"": 0.0, ""angle"": -40.52204991199971, ""elevation"": 0.0}, {""range"": 0.5684110500831049, ""doppler"": 0.0, ""angle"": -33.29513733690066, ""elevation"": 0.0}]",1784842438239.104
6,"[{""range"": 0.5954546434234174, ""doppler"": 0.0, ""angle"": -36.20573822766512, ""elevation"": 0.0}, {""range"": 0.6118324605885637, ""doppler"": 0.0, ""angle"": -40.21079212940716, ""elevation"": 0.0}, {""range"": 0.568406409250252, ""doppler"": 0.0, ""angle"": -34.01001271178553, ""elevation"": 0.0}, {""range"": 0.7752876066816429, ""doppler"": 0.0, ""angle"": -4.7230367473816175, ""elevation"": 0.0}, {""range"": 1.554197732448652, ""doppler"": 0.0, ""angle"": 6.719464538162943, ""elevation"": 0.0}, {""range"": 0.6665705002524877, ""doppler"": 0.0, ""angle"": 23.559850460222858, ""elevation"": 0.0}]",1784842438239.1228
6,"[{""range"": 0.5702325620183222, ""doppler"": 0.0, ""angle"": -33.6701350934866, ""elevation"": 0.0}, {""range"": 0.5942368814399112, ""doppler"": 0.0, ""angle"": -33.785703857647306, ""elevation"": 0.0}, {""range"": 0.6089748946967762, ""doppler"": 0.0, ""angle"": -31.13687247071686, ""elevation"": 0.0}, {""range"": 0.6567035404800664, ""doppler"": 0.0, ""angle"": 17.837985208358663, ""elevation"": 0.0}, {""range"": 0.6607042999784036, ""doppler"": 0.0, ""angle"": 20.004303627670996, ""elevation"": 0.0}, {""range"": 0.08758378787928184, ""doppler"": 0.0, ""angle"": 66.15628320088379, ""elevation"": 0.0}]",1784842438239.1428
5,"[{""range"": 0.5733572816000666, ""doppler"": 0.0, ""angle"": -30.49181865784817, ""elevation"": 0.0}, {""range"": 0.5983285251642951, ""doppler"": 0.0, ""angle"": -29.230898248920308, ""elevation"": 0.0}, {""range"": 0.7855198444051634, ""doppler"": 0.0, ""angle"": -4.39970568286723, ""elevation"": 0.0}, {""range"": 0.6458802129993234, ""doppler"": 0.0, ""angle"": 1.3643051034952154, ""elevation"": 0.0}, {""range"": 0.6574861924950448, ""doppler"": 0.0, ""angle"": 10.530633236477914, ""elevation"": 0.0}]",1784842438239.1592
7,"[{""range"": 0.5735641120300897, ""doppler"": 0.0, ""angle"": -34.00713561564017, ""elevation"": 0.0}, {""range"": 0.5995578954783443, ""doppler"": 0.0, ""angle"": -30.902214365071746, ""elevation"": 0.0}, {""range"": 0.910557934485542, ""doppler"": 0.0, ""angle"": -2.3297345180823346, ""elevation"": 0.0}, {""range"": 0.6461709163157339, ""doppler"": 0.0, ""angle"": 7.825149613329976, ""elevation"": 0.0}, {""range"": 0.6718584927727864, ""doppler"": 0.0, ""angle"": 13.466670206723837, ""elevation"": 0.0}, {""range"": 0.7168502543226599, ""doppler"": 0.0, ""angle"": 23.226740152492187, ""elevation"": 0.0}, {""range"": 0.7710404182450614, ""doppler"": 0.0, ""angle"": 33.80431251285717, ""elevation"": 0.0}]",1784842438239.1838
6,"[{""range"": 0.9046433573977812, ""doppler"": 0.0, ""angle"": -4.716616274895795, ""elevation"": 0.0}, {""range"": 0.6249318814511685, ""doppler"": 0.0, ""angle"": 5.632291292427195, ""elevation"": 0.0}, {""range"": 0.6374774941958665, ""doppler"": 0.0, ""angle"": 5.085299764653203, ""elevation"": 0.0}, {""range"": 0.6590856763938989, ""doppler"": 0.0, ""angle"": 8.000399510397912, ""elevation"": 0.0}, {""range"": 0.7067381822666053, ""doppler"": 0.0, ""angle"": 13.937797208254239, ""elevation"": 0.0}, {""range"": 0.7598208273368098, ""doppler"": 0.0, ""angle"": 11.828240719828216, ""elevation"": 0.0}]",1784842438239.205
5,"[{""range"": 0.5738854865132798, ""doppler"": 0.0, ""angle"": -29.80023952079184, ""elevation"": 0.0}, {""range"": 0.6013098129481487, ""doppler"": 0.0, ""angle"": -31.179988047515245, ""elevation"": 0.0}, {""range"": 0.6189878278142547, ""doppler"": 0.0, ""angle"": -30.520932332969064, ""elevation"": 0.0}, {""range"": 0.8783207216323969, ""doppler"": 0.0, ""angle"": 5.889337190257847, ""elevation"": 0.0}, {""range"": 0.8980516629636296, ""doppler"": 0.0, ""angle"": 5.862706473668469, ""elevation"": 0.0}]",1784842438239.223
8,"[{""range"": 0.9006375057895922, ""doppler"": 0.0, ""angle"": -1.5017499317848861, ""elevation"": 0.0}, {""range"": 0.8269037868594209, ""doppler"": 0.0, ""angle"": 8.380667944495196, ""elevation"": 0.0}, {""range"": 0.8689495473687314, ""doppler"": 0.0, ""angle"": 3.5866309054007717, ""elevation"": 0.0}, {""range"": 0.6313104392501567, ""doppler"": 0.0, ""angle"": 10.97256537928137, ""elevation"": 0.0}, {""range"": 0.6501124072683157, ""doppler"": 0.0, ""angle"": 15.049173792398083, ""elevation"": 0.0}, {""range"": 0.7051857993248087, ""doppler"": 0.0, ""angle"": 17.69983882277925, ""elevation"": 0.0}, {""range"": 0.7566966469872465, ""doppler"": 0.0, ""angle"": 13.432011645630338, ""elevation"": 0.0}, {""range"": 0.6728968163052015, ""doppler"": 0.0, ""angle"": 18.386801120378877, ""elevation"": 0.0}]",1784842438239.246
8,"[{""range"": 0.8976226009033536, ""doppler"": 0.0, ""angle"": -3.9408671162687545, ""elevation"": 0.0}, {""range"": 0.8194366811554851, ""doppler"": 0.0, ""angle"": -1.9383095281198055, ""elevation"": 0.0}, {""range"": 0.8668889393009729, ""doppler"": 0.0, ""angle"": -2.600952257962275, ""elevation"": 0.0}, {""range"": 0.6335134424841177, ""doppler"": 0.0, ""angle"": 6.792033387764489, ""elevation"": 0.0}, {""range"": 0.649823048968523, ""doppler"": 0.0, ""angle"": 9.711150991238767, ""elevation"": 0.0}, {""range"": 0.7505441129433483, ""doppler"": 0.0, ""angle"": 9.807919444188798, ""elevation"": 0.0}, {""range"": 0.6767542366971825, ""doppler"": 0.0, ""angle"": 12.637182367050821, ""elevation"": 0.0}, {""range"": 0.7083893147250555, ""doppler"": 0.0, ""angle"": 14.232677353166865, ""elevation"": 0.0}]",1784842438239.3223
8,"[{""range"": 0.8761958868805747, ""doppler"": 0.0, ""angle"": -2.3275301313427716, ""elevation"": 0.0}, {""range"": 0.9005915117880148, ""doppler"": 0.0, ""angle"": -2.1278332128109025, ""elevation"": 0.0}, {""range"": 0.8135121616618957, ""doppler"": 0.0, ""angle"": 6.956311468599245, ""elevation"": 0.0}, {""range"": 0.6258980442132192, ""doppler"": 0.0, ""angle"": 14.08785412010324, ""elevation"": 0.0}, {""range"": 0.6409132438836657, ""doppler"": 0.0, ""angle"": 13.718324554494684, ""elevation"": 0.0}, {""range"": 0.6651966080933144, ""doppler"": 0.0, ""angle"": 13.778492645299464, ""elevation"": 0.0}, {""range"": 0.7115114300618152, ""doppler"": 0.0, ""angle"": 17.009566903426567, ""elevation"": 0.0}, {""range"": 0.7578905152707832, ""doppler"": 0.0, ""angle"": 17.421764410735953, ""elevation"": 0.0}]",1784842438239.408
7,"[{""range"": 0.8638970490231946, ""doppler"": 0.0, ""angle"": -4.083081942363505, ""elevation"": 0.0}, {""range"": 0.9025657557770986, ""doppler"": 0.0, ""angle"": -0.8173204487088964, ""elevation"": 0.0}, {""range"": 0.5896196093760765, ""doppler"": 0.0, ""angle"": 14.525110635049854, ""elevation"": 0.0}, {""range"": 0.606535837264247, ""doppler"": 0.0, ""angle"": 15.78994081840922, ""elevation"": 0.0}, {""range"": 0.676737322157305, ""doppler"": 0.0, ""angle"": 16.486082644364863, ""elevation"": 0.0}, {""range"": 0.7125809096548756, ""doppler"": 0.0, ""angle"": 24.886604955369613, ""elevation"": 0.0}, {""range"": 0.7521318800263045, ""doppler"": 0.0, ""angle"": 31.248761320776143, ""elevation"": 0.0}]",1784842438239.436
5,"[{""range"": 0.6446912911835297, ""doppler"": 0.0, ""angle"": 0.8264005345093703, ""elevation"": 0.0}, {""range"": 0.5605946600931694, ""doppler"": 0.0, ""angle"": 13.690504913187262, ""elevation"": 0.0}, {""range"": 0.5840236376692933, ""doppler"": 0.0, ""angle"": 16.59842769324792, ""elevation"": 0.0}, {""range"": 0.5942491763349714, ""doppler"": 0.0, ""angle"": 15.46227838711083, ""elevation"": 0.0}, {""range"": 0.6070841569169714, ""doppler"": 0.0, ""angle"": 10.882977431035146, ""elevation"": 0.0}]",1784842438239.457
9,"[{""range"": 0.74393097743578, ""doppler"": 0.0, ""angle"": 0.7574721826311409, ""elevation"": 0.0}, {""range"": 1.5218675786825377, ""doppler"": 0.0, ""angle"": 3.502845985108401, ""elevation"": 0.0}, {""range"": 0.5575070926999239, ""doppler"": 0.0, ""angle"": 10.459353044564775, ""elevation"": 0.0}, {""range"": 0.5762556126171432, ""doppler"": 0.0, ""angle"": 10.567231634799175, ""elevation"": 0.0}, {""range"": 0.702710506002188, ""doppler"": 0.0, ""angle"": 7.412550751107895, ""elevation"": 0.0}, {""range"": 1.550203464829404, ""doppler"": 0.0, ""angle"": 5.992055362702377, ""elevation"": 0.0}, {""range"": 0.5699006558063275, ""doppler"": 0.0, ""angle"": 11.05255977251251, ""elevation"": 0.0}, {""range"": 0.6073130389178863, ""doppler"": 0.0, ""angle"": 11.256997249896502, ""elevation"": 0.0}, {""range"": 0.6632936526574947, ""doppler"": 0.0, ""angle"": 13.69158882321175, ""elevation"": 0.0}]",1784842438239.483
6,"[{""range"": 0.6785757217300253, ""doppler"": 0.0, ""angle"": 3.187367605614647, ""elevation"": 0.0}, {""range"": 0.5842434663074009, ""doppler"": 0.0, ""angle"": 17.56429303102008, ""elevation"": 0.0}, {""range"": 0.5958137445387502, ""doppler"": 0.0, ""angle"": 15.295838499493753, ""elevation"": 0.0}, {""range"": 0.6107375725962932, ""doppler"": 0.0, ""angle"": 13.218427292285043, ""elevation"": 0.0}, {""range"": 0.635403810997172, ""doppler"": 0.0, ""angle"": 11.426933461672768, ""elevation"": 0.0}, {""range"": 0.5574596314895598, ""doppler"": 0.0, ""angle"": 22.559074442844377, ""elevation"": 0.0}]",1784842438239.506
8,"[{""range"": 0.8301418750062121, ""doppler"": 0.0, ""angle"": -47.33944126472498, ""elevation"": 0.0}, {""range"": 0.8657823737955431, ""doppler"": 0.0, ""angle"": -44.422626702753554, ""elevation"": 0.0}, {""range"": 0.5441953194272182, ""doppler"": 0.0, ""angle"": 15.963498015169415, ""elevation"": 0.0}, {""range"": 0.5691047238163349, ""doppler"": 0.0, ""angle"": 13.555951734878935, ""elevation"": 0.0}, {""range"": 0.5886218481727814, ""doppler"": 0.0, ""angle"": 13.187698063113332, ""elevation"": 0.0}, {""range"": 0.6179120870633159, ""doppler"": 0.0, ""angle"": 14.667609599924587, ""elevation"": 0.0}, {""range"": 0.6475907038794587, ""doppler"": 0.0, ""angle"": 17.914638198742427, ""elevation"": 0.0}, {""range"": 0.6772609335287547, ""doppler"": 0.0, ""angle"": 24.7719709116676, ""elevation"": 0.0}]",1784842438239.5288
5,"[{""range"": 0.533266354783268, ""doppler"": 0.0, ""angle"": -3.0562079241163755, ""elevation"": 0.0}, {""range"": 0.5538867474322547, ""doppler"": 0.0, ""angle"": 3.1090338236282413, ""elevation"": 0.0}, {""range"": 0.627915715786689, ""doppler"": 0.0, ""angle"": 17.877694763743506, ""elevation"": 0.0}, {""range"": 0.6554311036467226, ""doppler"": 0.0, ""angle"": 15.507376439278985, ""elevation"": 0.0}, {""range"": 0.5960061834563879, ""doppler"": 0.0, ""angle"": 20.05506950141591, ""elevation"": 0.0}]",1784842438239.5479
7,"[{""range"": 0.8789602715974824, ""doppler"": 0.0, ""angle"": -43.442044420422576, ""elevation"": 0.0}, {""range"": 0.5656855896600463, ""doppler"": 0.0, ""angle"": 9.295583414956054, ""elevation"": 0.0}, {""range"": 0.589296180850699, ""doppler"": 0.0, ""angle"": 9.748141345230714, ""elevation"": 0.0}, {""range"": 0.697142213921552, ""doppler"": 0.0, ""angle"": 9.95519775447517, ""elevation"": 0.0}, {""range"": 0.5367110589921531, ""doppler"": 0.0, ""angle"": 12.878723376728226, ""elevation"": 0.0}, {""range"": 0.622959056236286, ""doppler"": 0.0, ""angle"": 12.819574292377991, ""elevation"": 0.0}, {""range"": 0.657164174281941, ""doppler"": 0.0, ""angle"": 12.572773413928346, ""elevation"": 0.0}]",1784842438239.5708
6,"[{""range"": 0.6484189980700272, ""doppler"": 0.0, ""angle"": -15.040321164796703, ""elevation"": 0.0}, {""range"": 0.6294210102618224, ""doppler"": 0.0, ""angle"": -8.643446279035777, ""elevation"": 0.0}, {""range"": 1.5565480086603711, ""doppler"": 0.0, ""angle"": 8.375845677513382, ""elevation"": 0.0}, {""range"": 0.501534070318172, ""doppler"": 0.0, ""angle"": 31.752036174303417, ""elevation"": 0.0}, {""range"": 0.5222496594729328, ""doppler"": 0.0, ""angle"": 32.215409260109226, ""elevation"": 0.0}, {""range"": 0.5456501565835304, ""doppler"": 0.0, ""angle"": 33.24741670212334, ""elevation"": 0.0}]",1784842438239.5918
8,"[{""range"": 0.882223319835167, ""doppler"": 0.0, ""angle"": -55.11167987363199, ""elevation"": 0.0}, {""range"": 0.5640255229246369, ""doppler"": 0.0, ""angle"": -20.526281180955344, ""elevation"": 0.0}, {""range"": 0.5869258989997254, ""doppler"": 0.0, ""angle"": -19.450685861035502, ""elevation"": 0.0}, {""range"": 0.9116494332086549, ""doppler"": 0.0, ""angle"": -22.536010778561593, ""elevation"": 0.0}, {""range"": 0.637740241466698, ""doppler"": 0.0, ""angle"": 6.439540285577182, ""elevation"": 0.0}, {""range"": 0.6541912613855594, ""doppler"": 0.0, ""angle"": 13.257558084918783, ""elevation"": 0.0}, {""range"": 0.5220813877071142, ""doppler"": 0.0, ""angle"": 28.944053497351437, ""elevation"": 0.0}, {""range"": 0.5388697278364719, ""doppler"": 0.0, ""angle"": 28.67418905545551, ""elevation"": 0.0}]",1784842438239.6218
6,"[{""range"": 0.8821474418437233, ""doppler"": 0.0, ""angle"": -54.354313891622, ""elevation"": 0.0}, {""range"": 0.9002474852408409, ""doppler"": 0.0, ""angle"": -50.0764016048689, ""elevation"": 0.0}, {""range"": 0.6053008038066243, ""doppler"": 0.0, ""angle"": -24.876806276772964, ""elevation"": 0.0}, {""range"": 0.6358640852986025, ""doppler"": 0.0, ""angle"": -18.205665024344633, ""elevation"": 0.0}, {""range"": 0.6571194343462742, ""doppler"": 0.0, ""angle"": -15.159397919416742, ""elevation"": 0.0}, {""range"": 0.5349888795286738, ""doppler"": 0.0, ""angle"": 7.393428758082628, ""elevation"": 0.0}]",1784842438239.6392
1,"[{""range"": 0.5166313344669723, ""doppler"": 0.0, ""angle"": 9.080877621474563, ""elevation"": 0.0}]",1784842438239.651
4,"[{""range"": 0.8834613276747569, ""doppler"": 0.0, ""angle"": -50.584937542244916, ""elevation"": 0.0}, {""range"": 0.9182336322613456, ""doppler"": 0.0, ""angle"": -24.359001069541957, ""elevation"": 0.0}, {""range"": 1.552936840130276, ""doppler"": 0.0, ""angle"": 7.416333053981091, ""elevation"": 0.0}, {""range"": 0.5267809036803421, ""doppler"": 0.0, ""angle"": 15.918680847367124, ""elevation"": 0.0}]",1784842438239.6692
3,"[{""range"": 0.8782158171249685, ""doppler"": 0.0, ""angle"": -50.560383209142095, ""elevation"": 0.0}, {""range"": 0.5797226071049291, ""doppler"": 0.0, ""angle"": -25.42687416958981, ""elevation"": 0.0}, {""range"": 0.5262470694926433, ""doppler"": 0.0, ""angle"": 22.242471262294185, ""elevation"": 0.0}]",1784842438239.684
4,"[{""range"": 0.8804923956004451, ""doppler"": 0.0, ""angle"": -53.73052357343862, ""elevation"": 0.0}, {""range"": 0.9036918172166372, ""doppler"": 0.0, ""angle"": -44.60718494353046, ""elevation"": 0.0}, {""range"": 0.5194733143541614, ""doppler"": 0.0, ""angle"": 26.450389209817804, ""elevation"": 0.0}, {""range"": 0.5350553058908187, ""doppler"": 0.0, ""angle"": 27.918175722234253, ""elevation"": 0.0}]",1784842438239.712
8,"[{""range"": 0.8799003650351364, ""doppler"": 0.0, ""angle"": -55.24740637179395, ""elevation"": 0.0}, {""range"": 0.9064529852270587, ""doppler"": 0.0, ""angle"": -45.07192938271953, ""elevation"": 0.0}, {""range"": 0.6057543130302022, ""doppler"": 0.0, ""angle"": -1.0994297503006172, ""elevation"": 0.0}, {""range"": 0.6340067867151141, ""doppler"": 0.0, ""angle"": 2.9261559438993063, ""elevation"": 0.0}, {""range"": 0.6591946525197493, ""doppler"": 0.0, ""angle"": 3.1255164373215933, ""elevation"": 0.0}, {""range"": 1.5566208998164495, ""doppler"": 0.0, ""angle"": 8.348840763237348, ""elevation"": 0.0}, {""range"": 0.4670100334713215, ""doppler"": 0.0, ""angle"": 37.75184159176813, ""elevation"": 0.0}, {""range"": 0.5064359775120202, ""doppler"": 0.0, ""angle"": 34.32410521108177, ""elevation"": 0.0}]",1784842438239.737
11,"[{""range"": 0.5729253148950123, ""doppler"": 0.0, ""angle"": 0.2503544969369883, ""elevation"": 0.0}, {""range"": 0.5860850040208672, ""doppler"": 0.0, ""angle"": 1.118847658886041, ""elevation"": 0.0}, {""range"": 0.6170228405636677, ""doppler"": 0.0, ""angle"": 2.242163978960037, ""elevation"": 0.0}, {""range"": 0.6614697471919672, ""doppler"": 0.0, ""angle"": 2.3859440303888126, ""elevation"": 0.0}, {""range"": 0.707388127597417, ""doppler"": 0.0, ""angle"": 0.04344977391038272, ""elevation"": 0.0}, {""range"": 0.7598693037132357, ""doppler"": 0.0, ""angle"": 0.8764262637138868, ""elevation"": 0.0}, {""range"": 0.8086070503360704, ""doppler"": 0.0, ""angle"": 2.9661720124125646, ""elevation"": 0.0}, {""range"": 1.520619914223645, ""doppler"": 0.0, ""angle"": 2.4734565471284338, ""elevation"": 0.0}, {""range"": 1.5504331899803658, ""doppler"": 0.0, ""angle"": 6.257002150481774, ""elevation"": 0.0}, {""range"": 0.4682129082918752, ""doppler"": 0.0, ""angle"": 36.56792910151702, ""elevation"": 0.0}, {""range"": 0.5000187893184194, ""doppler"": 0.0, ""angle"": 39.29661514813692, ""elevation"": 0.0}]",1784842438239.7703
6,"[{""range"": 0.6556756112542648, ""doppler"": 0.0, ""angle"": 1.7972315051157752, ""elevation"": 0.0}, {""range"": 1.5505198862130714, ""doppler"": 0.0, ""angle"": 7.988063983713418, ""elevation"": 0.0}, {""range"": 0.6064011053826749, ""doppler"": 0.0, ""angle"": 11.343066740227636, ""elevation"": 0.0}, {""range"": 0.5688062256809236, ""doppler"": 0.0, ""angle"": 22.065643840822062, ""elevation"": 0.0}, {""range"": 0.5834416173799913, ""doppler"": 0.0, ""angle"": 18.346101009643423, ""elevation"": 0.0}, {""range"": 0.5384177829881452, ""doppler"": 0.0, ""angle"": 31.29335782478892, ""elevation"": 0.0}]",1784842438303.3909
6,"[{""range"": 0.5498199336737549, ""doppler"": 0.0, ""angle"": 17.156158617402358, ""elevation"": 0.0}, {""range"": 0.5708396453143741, ""doppler"": 0.0, ""angle"": 18.122790656133958, ""elevation"": 0.0}, {""range"": 0.6982965286641596, ""doppler"": 0.0, ""angle"": 16.620547080747286, ""elevation"": 0.0}, {""range"": 0.585891189246239, ""doppler"": 0.0, ""angle"": 18.893924595282108, ""elevation"": 0.0}, {""range"": 0.6041056160502464, ""doppler"": 0.0, ""angle"": 19.378886740919047, ""elevation"": 0.0}, {""range"": 0.6394379540974299, ""doppler"": 0.0, ""angle"": 19.301388324415726, ""elevation"": 0.0}]",1784842438403.117
6,"[{""range"": 0.590408681284549, ""doppler"": 0.0, ""angle"": -14.61284354164929, ""elevation"": 0.0}, {""range"": 0.6231438562178373, ""doppler"": 0.0, ""angle"": -1.282527082710176, ""elevation"": 0.0}, {""range"": 0.5370506467416419, ""doppler"": 0.0, ""angle"": 23.46661848059645, ""elevation"": 0.0}, {""range"": 0.5382158330639548, ""doppler"": 0.0, ""angle"": 24.495943017790008, ""elevation"": 0.0}, {""range"": 0.6829881495144009, ""doppler"": 0.0, ""angle"": 29.934663336861316, ""elevation"": 0.0}, {""range"": 0.7113189538980942, ""doppler"": 0.0, ""angle"": 32.2038595868801, ""elevation"": 0.0}]",1784842438502.946
10,"[{""range"": 0.7106030653188701, ""doppler"": 0.0, ""angle"": -5.747893204025013, ""elevation"": 0.0}, {""range"": 0.8289061446134377, ""doppler"": 0.0, ""angle"": -3.8716271132625937, ""elevation"": 0.0}, {""range"": 0.8598747313318507, ""doppler"": 0.0, ""angle"": -4.926905278200188, ""elevation"": 0.0}, {""range"": 0.7843012560034153, ""doppler"": 0.0, ""angle"": -3.2675069701988737, ""elevation"": 0.0}, {""range"": 0.9016649863023908, ""doppler"": 0.0, ""angle"": 1.386375887262043, ""elevation"": 0.0}, {""range"": 0.6092562319847514, ""doppler"": 0.0, ""angle"": 6.6911711280436785, ""elevation"": 0.0}, {""range"": 0.5588022136015813, ""doppler"": 0.0, ""angle"": 16.393679006341443, ""elevation"": 0.0}, {""range"": 0.5711885834799664, ""doppler"": 0.0, ""angle"": 14.540885727611041, ""elevation"": 0.0}, {""range"": 0.5800424712427953, ""doppler"": 0.0, ""angle"": 10.928889981331496, ""elevation"": 0.0}, {""range"": 0.6555093725884614, ""doppler"": 0.0, ""angle"": 24.978180757436885, ""elevation"": 0.0}]",1784842438608.8408
8,"[{""range"": 0.9047621080743952, ""doppler"": 0.0, ""angle"": -13.882444410006341, ""elevation"": 0.0}, {""range"": 0.6122660657373306, ""doppler"": 0.0, ""angle"": -6.354974891944009, ""elevation"": 0.0}, {""range"": 0.7900475780263874, ""doppler"": 0.0, ""angle"": -4.270402488974523, ""elevation"": 0.0}, {""range"": 0.5895640763668266, ""doppler"": 0.0, ""angle"": -2.8511237962673808, ""elevation"": 0.0}, {""range"": 0.6030868089740913, ""doppler"": 0.0, ""angle"": -1.17225893694514, ""elevation"": 0.0}, {""range"": 0.8518426329964329, ""doppler"": 0.0, ""angle"": -2.8395820521176627, ""elevation"": 0.0}, {""range"": 0.7008633312908026, ""doppler"": 0.0, ""angle"": 33.669795881087936, ""elevation"": 0.0}, {""range"": 0.6811981310234435, ""doppler"": 0.0, ""angle"": 37.630948768774395, ""elevation"": 0.0}]",1784842438703.768
8,"[{""range"": 0.6238554734123813, ""doppler"": 0.0, ""angle"": 3.3192068206748506, ""elevation"": 0.0}, {""range"": 0.8202663142262379, ""doppler"": 0.0, ""angle"": 0.6120310471050255, ""elevation"": 0.0}, {""range"": 0.8537385669645003, ""doppler"": 0.0, ""angle"": -1.8363898345893996, ""elevation"": 0.0}, {""range"": 0.6443671462502536, ""doppler"": 0.0, ""angle"": 9.89100656870892, ""elevation"": 0.0}, {""range"": 1.5534762775788094, ""doppler"": 0.0, ""angle"": 9.520870245054825, ""elevation"": 0.0}, {""range"": 0.6663261036341103, ""doppler"": 0.0, ""angle"": 17.185251836471274, ""elevation"": 0.0}, {""range"": 0.7413978506160005, ""doppler"": 0.0, ""angle"": 12.621737526940741, ""elevation"": 0.0}, {""range"": 0.6932940000786675, ""doppler"": 0.0, ""angle"": 21.516016901035893, ""elevation"": 0.0}]",1784842438803.54
6,"[{""range"": 0.5973968288962619, ""doppler"": 0.0, ""angle"": -41.94259657311588, ""elevation"": 0.0}, {""range"": 0.6324652901535747, ""doppler"": 0.0, ""angle"": -36.80510176788285, ""elevation"": 0.0}, {""range"": 0.8020595922983189, ""doppler"": 0.0, ""angle"": -4.436913638937456, ""elevation"": 0.0}, {""range"": 0.8599567202998846, ""doppler"": 0.0, ""angle"": -7.863894390213047, ""elevation"": 0.0}, {""range"": 0.6031431114032855, ""doppler"": 0.0, ""angle"": 31.951366273476314, ""elevation"": 0.0}, {""range"": 0.09477560240881235, ""doppler"": 0.0, ""angle"": 62.468023251277714, ""elevation"": 0.0}]",1784842438903.4062
7,"[{""range"": 0.6080693184011166, ""doppler"": 0.0, ""angle"": -38.37298967230996, ""elevation"": 0.0}, {""range"": 0.6171151000404618, ""doppler"": 0.0, ""angle"": -37.417768725668736, ""elevation"": 0.0}, {""range"": 0.6501484081651174, ""doppler"": 0.0, ""angle"": -38.512145389108454, ""elevation"": 0.0}, {""range"": 0.7393271383957114, ""doppler"": 0.0, ""angle"": 34.75475079622855, ""elevation"": 0.0}, {""range"": 0.7638198319777276, ""doppler"": 0.0, ""angle"": 39.01383053886667, ""elevation"": 0.0}, {""range"": 0.11430337209894864, ""doppler"": 0.0, ""angle"": 45.253519493772025, ""elevation"": 0.0}, {""range"": 0.09164558671661939, ""doppler"": 0.0, ""angle"": 63.834912863656015, ""elevation"": 0.0}]",1784842439003.235
5,"[{""range"": 0.7082839801830781, ""doppler"": 0.0, ""angle"": -34.789382402351784, ""elevation"": 0.0}, {""range"": 0.6470074773322113, ""doppler"": 0.0, ""angle"": -20.598671863143764, ""elevation"": 0.0}, {""range"": 0.5992324941694074, ""doppler"": 0.0, ""angle"": -15.259617311715056, ""elevation"": 0.0}, {""range"": 0.6156073468185985, ""doppler"": 0.0, ""angle"": -16.55577792959057, ""elevation"": 0.0}, {""range"": 0.11046143050078802, ""doppler"": 0.0, ""angle"": 13.766300685466259, ""elevation"": 0.0}]",1784842439103.0322
4,"[{""range"": 0.6028389256483893, ""doppler"": 0.0, ""angle"": -36.38723223106173, ""elevation"": 0.0}, {""range"": 0.6176155894837668, ""doppler"": 0.0, ""angle"": -38.47586964086224, ""elevation"": 0.0}, {""range"": 0.8845236905019136, ""doppler"": 0.0, ""angle"": 0.9034978501604722, ""elevation"": 0.0}, {""range"": 0.6526892313266007, ""doppler"": 0.0, ""angle"": 32.01370261843785, ""elevation"": 0.0}]",1784842439202.9067
7,"[{""range"": 0.6069113521673247, ""doppler"": 0.0, ""angle"": -30.44842688360546, ""elevation"": 0.0}, {""range"": 0.6250700107499056, ""doppler"": 0.0, ""angle"": -30.173849560040505, ""elevation"": 0.0}, {""range"": 0.6504652726926248, ""doppler"": 0.0, ""angle"": -28.953634390294997, ""elevation"": 0.0}, {""range"": 0.16255996307501028, ""doppler"": 0.0, ""angle"": -14.785265148891183, ""elevation"": 0.0}, {""range"": 0.1698842484268652, ""doppler"": 0.0, ""angle"": -13.451165214342588, ""elevation"": 0.0}, {""range"": 0.18210994349837809, ""doppler"": 0.0, ""angle"": -11.210633128876674, ""elevation"": 0.0}, {""range"": 0.8156664010181914, ""doppler"": 0.0, ""angle"": 0.8792786030388635, ""elevation"": 0.0}]",1784842439302.839
11,"[{""range"": 0.5783890322296189, ""doppler"": 0.0, ""angle"": -28.411129005983824, ""elevation"": 0.0}, {""range"": 0.6016787316670694, ""doppler"": 0.0, ""angle"": -32.40066962191952, ""elevation"": 0.0}, {""range"": 0.6207201407319881, ""doppler"": 0.0, ""angle"": -30.791085618119176, ""elevation"": 0.0}, {""range"": 0.6525489859906372, ""doppler"": 0.0, ""angle"": -26.88101734636638, ""elevation"": 0.0}, {""range"": 0.1724345890827434, ""doppler"": 0.0, ""angle"": -14.16593691231881, ""elevation"": 0.0}, {""range"": 0.187896266375763, ""doppler"": 0.0, ""angle"": -11.41686736201298, ""elevation"": 0.0}, {""range"": 0.19537130598672753, ""doppler"": 0.0, ""angle"": -10.86770134949488, ""elevation"": 0.0}, {""range"": 0.8305533829826608, ""doppler"": 0.0, ""angle"": 1.9864119564533125, ""elevation"": 0.0}, {""range"": 0.8123390885632485, ""doppler"": 0.0, ""angle"": 4.646335491195889, ""elevation"": 0.0}, {""range"": 0.6894939404021712, ""doppler"": 0.0, ""angle"": 30.06925963692961, ""elevation"": 0.0}, {""range"": 0.729691313200489, ""doppler"": 0.0, ""angle"": 34.698705546325854, ""elevation"": 0.0}]",1784842439408.671
9,"[{""range"": 0.6132245230634419, ""doppler"": 0.0, ""angle"": -36.8565318609315, ""elevation"": 0.0}, {""range"": 0.6246523831944256, ""doppler"": 0.0, ""angle"": -34.78643832558175, ""elevation"": 0.0}, {""range"": 0.652095094906737, ""doppler"": 0.0, ""angle"": -34.26091470903977, ""elevation"": 0.0}, {""range"": 0.21057366088478602, ""doppler"": 0.0, ""angle"": -1.8491789389445963, ""elevation"": 0.0}, {""range"": 0.22415152249426182, ""doppler"": 0.0, ""angle"": 1.6914030236879918, ""elevation"": 0.0}, {""range"": 0.8115696509243725, ""doppler"": 0.0, ""angle"": 3.321982127005763, ""elevation"": 0.0}, {""range"": 0.2427608424328962, ""doppler"": 0.0, ""angle"": 9.240300439136794, ""elevation"": 0.0}, {""range"": 2.5701050941192856, ""doppler"": 0.0, ""angle"": 14.896751605195988, ""elevation"": 0.0}, {""range"": 2.579417127331507, ""doppler"": 0.0, ""angle"": 16.90240101835652, ""elevation"": 0.0}]",1784842439503.5068
9,"[{""range"": 0.6067831588357747, ""doppler"": 0.0, ""angle"": -32.655081015996615, ""elevation"": 0.0}, {""range"": 0.6235672884842258, ""doppler"": 0.0, ""angle"": -29.83658707237771, ""elevation"": 0.0}, {""range"": 0.6547018679254382, ""doppler"": 0.0, ""angle"": -23.3300968775009, ""elevation"": 0.0}, {""range"": 0.22797991234210163, ""doppler"": 0.0, ""angle"": -5.9878358289063245, ""elevation"": 0.0}, {""range"": 0.23483845785066512, ""doppler"": 0.0, ""angle"": -5.154930927287513, ""elevation"": 0.0}, {""range"": 0.24482971162300082, ""doppler"": 0.0, ""angle"": -2.3859440303888126, ""elevation"": 0.0}, {""range"": 0.8237594845827848, ""doppler"": 0.0, ""angle"": 2.326400637876959, ""elevation"": 0.0}, {""range"": 0.8456123054182754, ""doppler"": 0.0, ""angle"": 0.0969265804297943, ""elevation"": 0.0}, {""range"": 0.8053060383786823, ""doppler"": 0.0, ""angle"": 4.1128094087315175, ""elevation"": 0.0}]",1784842439603.3682
5,"[{""range"": 0.6078031086590986, ""doppler"": 0.0, ""angle"": -35.565110789644955, ""elevation"": 0.0}, {""range"": 0.6253982267594919, ""doppler"": 0.0, ""angle"": -32.185978490275716, ""elevation"": 0.0}, {""range"": 0.6580435386947798, ""doppler"": 0.0, ""angle"": -24.60115505840131, ""elevation"": 0.0}, {""range"": 0.7505279880428337, ""doppler"": 0.0, ""angle"": 35.71223371750403, ""elevation"": 0.0}, {""range"": 0.7850766680634752, ""doppler"": 0.0, ""angle"": 39.45468269113796, ""elevation"": 0.0}]",1784842439703.188
8,"[{""range"": 0.5982629244876766, ""doppler"": 0.0, ""angle"": -29.56858061143372, ""elevation"": 0.0}, {""range"": 0.6208828709909512, ""doppler"": 0.0, ""angle"": -29.769441892499987, ""elevation"": 0.0}, {""range"": 0.6519920431271369, ""doppler"": 0.0, ""angle"": -26.923452580576203, ""elevation"": 0.0}, {""range"": 0.5701971230330521, ""doppler"": 0.0, ""angle"": -24.57184029444224, ""elevation"": 0.0}, {""range"": 0.22371938640496838, ""doppler"": 0.0, ""angle"": -0.824342820845153, ""elevation"": 0.0}, {""range"": 0.23386087274814427, ""doppler"": 0.0, ""angle"": -2.059481081340043, ""elevation"": 0.0}, {""range"": 0.24076491149256848, ""doppler"": 0.0, ""angle"": -1.4895248812893196, ""elevation"": 0.0}, {""range"": 0.7385453850226041, ""doppler"": 0.0, ""angle"": 36.24563419480565, ""elevation"": 0.0}]",1784842439803.0532
6,"[{""range"": 0.5736732540826363, ""doppler"": 0.0, ""angle"": -27.41168586124989, ""elevation"": 0.0}, {""range"": 0.5950408678503425, ""doppler"": 0.0, ""angle"": -30.201905181323912, ""elevation"": 0.0}, {""range"": 0.6163206102171972, ""doppler"": 0.0, ""angle"": -29.19023044439204, ""elevation"": 0.0}, {""range"": 0.6490370433305743, ""doppler"": 0.0, ""angle"": -26.15560087624939, ""elevation"": 0.0}, {""range"": 0.2160914423514464, ""doppler"": 0.0, ""angle"": -7.177942744154499, ""elevation"": 0.0}, {""range"": 0.21550825691562916, ""doppler"": 0.0, ""angle"": -9.407613391397414, ""elevation"": 0.0}]",1784842439902.907
9,"[{""range"": 0.5728476234162213, ""doppler"": 0.0, ""angle"": -29.509736549766174, ""elevation"": 0.0}, {""range"": 0.5942908210478814, ""doppler"": 0.0, ""angle"": -33.45099781471257, ""elevation"": 0.0}, {""range"": 0.617306777404037, ""doppler"": 0.0, ""angle"": -33.37245137024079, ""elevation"": 0.0}, {""range"": 0.21900502599378652, ""doppler"": 0.0, ""angle"": -18.71602578594802, ""elevation"": 0.0}, {""range"": 0.18027646271428002, ""doppler"": 0.0, ""angle"": -15.180352613029118, ""elevation"": 0.0}, {""range"": 0.19873115511352993, ""doppler"": 0.0, ""angle"": -15.87458172425861, ""elevation"": 0.0}, {""range"": 0.20146871629652996, ""doppler"": 0.0, ""angle"": -16.553119124865997, ""elevation"": 0.0}, {""range"": 0.8123940345651797, ""doppler"": 0.0, ""angle"": 1.3369111341910147, ""elevation"": 0.0}, {""range"": 1.5911316230180115, ""doppler"": 0.0, ""angle"": 12.269697925890378, ""elevation"": 0.0}]",1784842440002.798
6,"[{""range"": 0.5736117179098905, ""doppler"": 0.0, ""angle"": -26.453223504607333, ""elevation"": 0.0}, {""range"": 0.5996003179932345, ""doppler"": 0.0, ""angle"": -30.067026252015424, ""elevation"": 0.0}, {""range"": 0.6203876974558231, ""doppler"": 0.0, ""angle"": -31.60101091001507, ""elevation"": 0.0}, {""range"": 0.6499944313427226, ""doppler"": 0.0, ""angle"": -33.30536183185911, ""elevation"": 0.0}, {""range"": 0.8084429319014385, ""doppler"": 0.0, ""angle"": 3.2206020219430034, ""elevation"": 0.0}, {""range"": 1.7119150563474745, ""doppler"": 0.0, ""angle"": 47.89579486383571, ""elevation"": 0.0}]",1784842440102.582
8,"[{""range"": 0.5956563775904483, ""doppler"": 0.0, ""angle"": -31.934278573262972, ""elevation"": 0.0}, {""range"": 0.6211829564147346, ""doppler"": 0.0, ""angle"": -30.344290385824184, ""elevation"": 0.0}, {""range"": 0.5648305370547849, ""doppler"": 0.0, ""angle"": -24.163235178751187, ""elevation"": 0.0}, {""range"": 0.6518114977492867, ""doppler"": 0.0, ""angle"": -17.102728969052375, ""elevation"": 0.0}, {""range"": 0.11455960005679572, ""doppler"": 0.0, ""angle"": 7.624192504451834, ""elevation"": 0.0}, {""range"": 0.8137095232805864, ""doppler"": 0.0, ""angle"": 8.46664018534993, ""elevation"": 0.0}, {""range"": 0.7924154177202019, ""doppler"": 0.0, ""angle"": 30.482588844993323, ""elevation"": 0.0}, {""range"": 0.7568150369996922, ""doppler"": 0.0, ""angle"": 36.710156495077314, ""elevation"": 0.0}]",1784842440203.5022
5,"[{""range"": 0.5773077863444979, ""doppler"": 0.0, ""angle"": -23.666976048223663, ""elevation"": 0.0}, {""range"": 0.6235377524514035, ""doppler"": 0.0, ""angle"": -5.149801401301372, ""elevation"": 0.0}, {""range"": 0.6379451939185421, ""doppler"": 0.0, ""angle"": -1.0921337627209258, ""elevation"": 0.0}, {""range"": 0.6498172673770042, ""doppler"": 0.0, ""angle"": -1.3718085017953339, ""elevation"": 0.0}, {""range"": 0.7837785170937688, ""doppler"": 0.0, ""angle"": 21.002786883598848, ""elevation"": 0.0}]",1784842440303.395
3,"[{""range"": 0.5956516537924725, ""doppler"": 0.0, ""angle"": -40.28786965251218, ""elevation"": 0.0}, {""range"": 0.6422050858206336, ""doppler"": 0.0, ""angle"": -5.320086847830094, ""elevation"": 0.0}, {""range"": 0.651586297733482, ""doppler"": 0.0, ""angle"": -8.490336537836399, ""elevation"": 0.0}]",1784842440403.114
4,"[{""range"": 0.6237318390859229, ""doppler"": 0.0, ""angle"": -45.081303504438075, ""elevation"": 0.0}, {""range"": 0.5985406426841603, ""doppler"": 0.0, ""angle"": -41.31796511857351, ""elevation"": 0.0}, {""range"": 0.6798683795148581, ""doppler"": 0.0, ""angle"": -6.038979379800477, ""elevation"": 0.0}, {""range"": 0.7085766979135939, ""doppler"": 0.0, ""angle"": -5.851587890868215, ""elevation"": 0.0}]",1784842440503.0242
1,"[{""range"": 1.5518582268541934, ""doppler"": 0.0, ""angle"": 6.663168338460119, ""elevation"": 0.0}]",1784842440597.91
3,"[{""range"": 0.6151607376526593, ""doppler"": 0.0, ""angle"": 2.482318606442514, ""elevation"": 0.0}, {""range"": 0.8754582124806115, ""doppler"": 0.0, ""angle"": 1.6034884293140867, ""elevation"": 0.0}, {""range"": 1.5560800970039885, ""doppler"": 0.0, ""angle"": 8.21204120357, ""elevation"": 0.0}]",1784842440698.708
4,"[{""range"": 0.6606323335075461, ""doppler"": 0.0, ""angle"": -43.96913818602633, ""elevation"": 0.0}, {""range"": 0.7256346567504688, ""doppler"": 0.0, ""angle"": -28.47862112343799, ""elevation"": 0.0}, {""range"": 1.5553398929397424, ""doppler"": 0.0, ""angle"": 9.042144085557211, ""elevation"": 0.0}, {""range"": 0.22536181984910106, ""doppler"": 0.0, ""angle"": 25.975441896212875, ""elevation"": 0.0}]",1784842440799.5552
2,"[{""range"": 0.6254739149642798, ""doppler"": 0.0, ""angle"": -46.01930785725782, ""elevation"": 0.0}, {""range"": 0.6606626794380053, ""doppler"": 0.0, ""angle"": -48.37933901329453, ""elevation"": 0.0}]",1784842440900.414
3,"[{""range"": 0.6261777524044175, ""doppler"": 0.0, ""angle"": 2.307612533320741, ""elevation"": 0.0}, {""range"": 0.6215238229525083, ""doppler"": 0.0, ""angle"": 4.306413197468796, ""elevation"": 0.0}, {""range"": 1.5519476042540665, ""doppler"": 0.0, ""angle"": 4.930852131257409, ""elevation"": 0.0}]",1784842441001.2769
5,"[{""range"": 0.619826282208904, ""doppler"": 0.0, ""angle"": 2.8607543601501204, ""elevation"": 0.0}, {""range"": 0.6268596319277324, ""doppler"": 0.0, ""angle"": 2.6159206296868494, ""elevation"": 0.0}, {""range"": 0.6477497687638402, ""doppler"": 0.0, ""angle"": 2.1199255897156846, ""elevation"": 0.0}, {""range"": 0.878767231107695, ""doppler"": 0.0, ""angle"": 3.1494348267980072, ""elevation"": 0.0}, {""range"": 0.9057364942705067, ""doppler"": 0.0, ""angle"": 3.9848774059209005, ""elevation"": 0.0}]",1784842441102.0579
5,"[{""range"": 0.6247207404229511, ""doppler"": 0.0, ""angle"": 5.074162735390854, ""elevation"": 0.0}, {""range"": 0.6310995323124519, ""doppler"": 0.0, ""angle"": 4.599165681885766, ""elevation"": 0.0}, {""range"": 0.6437561159068235, ""doppler"": 0.0, ""angle"": 5.754933578783683, ""elevation"": 0.0}, {""range"": 0.9034930900587703, ""doppler"": 0.0, ""angle"": 4.517855774369584, ""elevation"": 0.0}, {""range"": 0.7949078874209888, ""doppler"": 0.0, ""angle"": 27.026174255149655, ""elevation"": 0.0}]",1784842441202.987
5,"[{""range"": 0.6166365533888157, ""doppler"": 0.0, ""angle"": -34.8790458189189, ""elevation"": 0.0}, {""range"": 0.5934593380975575, ""doppler"": 0.0, ""angle"": -30.111045101277018, ""elevation"": 0.0}, {""range"": 0.5683696468899102, ""doppler"": 0.0, ""angle"": -24.121719767888948, ""elevation"": 0.0}, {""range"": 0.7987029383428567, ""doppler"": 0.0, ""angle"": 2.887387452724792, ""elevation"": 0.0}, {""range"": 0.8173617993719623, ""doppler"": 0.0, ""angle"": -0.16294971023199137, ""elevation"": 0.0}]",1784842441302.759
7,"[{""range"": 0.5752131876350188, ""doppler"": 0.0, ""angle"": -26.37388009331983, ""elevation"": 0.0}, {""range"": 0.5963425675580533, ""doppler"": 0.0, ""angle"": -30.10927472868525, ""elevation"": 0.0}, {""range"": 0.6198824827214162, ""doppler"": 0.0, ""angle"": -30.204090535681622, ""elevation"": 0.0}, {""range"": 0.6554491777972452, ""doppler"": 0.0, ""angle"": -28.998430295777098, ""elevation"": 0.0}, {""range"": 0.18818405973986305, ""doppler"": 0.0, ""angle"": -19.82961113299155, ""elevation"": 0.0}, {""range"": 0.1980472294273012, ""doppler"": 0.0, ""angle"": -20.562099935772814, ""elevation"": 0.0}, {""range"": 0.7879519355961467, ""doppler"": 0.0, ""angle"": 47.676456646222974, ""elevation"": 0.0}]",1784842441402.5522
8,"[{""range"": 0.571558091648986, ""doppler"": 0.0, ""angle"": -27.118190391325005, ""elevation"": 0.0}, {""range"": 0.5920995959171854, ""doppler"": 0.0, ""angle"": -29.98740393771432, ""elevation"": 0.0}, {""range"": 0.6151146320181046, ""doppler"": 0.0, ""angle"": -31.277968944278456, ""elevation"": 0.0}, {""range"": 0.6528222222069282, ""doppler"": 0.0, ""angle"": -32.88044089888343, ""elevation"": 0.0}, {""range"": 0.2157430689426654, ""doppler"": 0.0, ""angle"": -7.572676535590001, ""elevation"": 0.0}, {""range"": 0.21839206916179085, ""doppler"": 0.0, ""angle"": -8.475093614986184, ""elevation"": 0.0}, {""range"": 0.23026402926204553, ""doppler"": 0.0, ""angle"": -7.047753737943005, ""elevation"": 0.0}, {""range"": 1.561912653480598, ""doppler"": 0.0, ""angle"": 1.9091524329963763, ""elevation"": 0.0}]",1784842441503.4612
9,"[{""range"": 0.6559269498167534, ""doppler"": 0.0, ""angle"": -38.66956570963491, ""elevation"": 0.0}, {""range"": 0.5735748153356623, ""doppler"": 0.0, ""angle"": -27.276019198320032, ""elevation"": 0.0}, {""range"": 0.5909478060455698, ""doppler"": 0.0, ""angle"": -30.31259479666346, ""elevation"": 0.0}, {""range"": 0.6111769245847033, ""doppler"": 0.0, ""angle"": -32.769471187754284, ""elevation"": 0.0}, {""range"": 0.23510054607230346, ""doppler"": 0.0, ""angle"": -11.58341860468707, ""elevation"": 0.0}, {""range"": 0.24380937331009223, ""doppler"": 0.0, ""angle"": -11.936271050851545, ""elevation"": 0.0}, {""range"": 0.22155941236221646, ""doppler"": 0.0, ""angle"": -10.321390402331541, ""elevation"": 0.0}, {""range"": 0.806394065414513, ""doppler"": 0.0, ""angle"": 29.111369229278836, ""elevation"": 0.0}, {""range"": 0.8114689427517073, ""doppler"": 0.0, ""angle"": 29.824747994473366, ""elevation"": 0.0}]",1784842441603.3699
9,"[{""range"": 0.5738633669599716, ""doppler"": 0.0, ""angle"": -26.18180753144324, ""elevation"": 0.0}, {""range"": 0.5940053563117083, ""doppler"": 0.0, ""angle"": -29.543784248223574, ""elevation"": 0.0}, {""range"": 0.6165103044630471, ""doppler"": 0.0, ""angle"": -30.19423457961831, ""elevation"": 0.0}, {""range"": 0.6493381760385517, ""doppler"": 0.0, ""angle"": -31.80803148746132, ""elevation"": 0.0}, {""range"": 0.24083873891988758, ""doppler"": 0.0, ""angle"": -4.343239951689387, ""elevation"": 0.0}, {""range"": 0.24748294249555658, ""doppler"": 0.0, ""angle"": -5.348096816903845, ""elevation"": 0.0}, {""range"": 0.22597900570589752, ""doppler"": 0.0, ""angle"": -1.9952455677652854, ""elevation"": 0.0}, {""range"": 0.8008010909037475, ""doppler"": 0.0, ""angle"": 16.180883163556885, ""elevation"": 0.0}, {""range"": 0.8144651227530059, ""doppler"": 0.0, ""angle"": 14.027090787570932, ""elevation"": 0.0}]",1784842441703.232
10,"[{""range"": 0.5718513512308745, ""doppler"": 0.0, ""angle"": -26.58107572693652, ""elevation"": 0.0}, {""range"": 0.5938477255199955, ""doppler"": 0.0, ""angle"": -29.23557987143811, ""elevation"": 0.0}, {""range"": 0.6168479475492266, ""doppler"": 0.0, ""angle"": -30.445334174710176, ""elevation"": 0.0}, {""range"": 0.6478353820280074, ""doppler"": 0.0, ""angle"": -33.0716024254519, ""elevation"": 0.0}, {""range"": 0.2525131975719863, ""doppler"": 0.0, ""angle"": -0.8520698781975155, ""elevation"": 0.0}, {""range"": 0.2623786036918269, ""doppler"": 0.0, ""angle"": 1.2105690914502738, ""elevation"": 0.0}, {""range"": 1.5574871055652866, ""doppler"": 0.0, ""angle"": 9.036234609376969, ""elevation"": 0.0}, {""range"": 1.5886099834867218, ""doppler"": 0.0, ""angle"": 11.906926364467152, ""elevation"": 0.0}, {""range"": 0.7969496531106279, ""doppler"": 0.0, ""angle"": 32.688108678211485, ""elevation"": 0.0}, {""range"": 0.8082473106187368, ""doppler"": 0.0, ""angle"": 33.36662420995609, ""elevation"": 0.0}]",1784842441808.039
8,"[{""range"": 0.5742654252913566, ""doppler"": 0.0, ""angle"": -26.9799416463506, ""elevation"": 0.0}, {""range"": 0.5959123728876894, ""doppler"": 0.0, ""angle"": -29.93467233929176, ""elevation"": 0.0}, {""range"": 0.6195582860471269, ""doppler"": 0.0, ""angle"": -31.221831108878177, ""elevation"": 0.0}, {""range"": 0.6534875290330514, ""doppler"": 0.0, ""angle"": -32.154949830561556, ""elevation"": 0.0}, {""range"": 0.8494372212672582, ""doppler"": 0.0, ""angle"": 3.197894156057986, ""elevation"": 0.0}, {""range"": 0.8178211236397646, ""doppler"": 0.0, ""angle"": 9.565297976935476, ""elevation"": 0.0}, {""range"": 1.5917029732672627, ""doppler"": 0.0, ""angle"": 6.39847837841063, ""elevation"": 0.0}, {""range"": 0.7942202613723365, ""doppler"": 0.0, ""angle"": 14.299051949656054, ""elevation"": 0.0}]",1784842441902.8218
9,"[{""range"": 0.6555873151667712, ""doppler"": 0.0, ""angle"": -36.42606817899564, ""elevation"": 0.0}, {""range"": 0.5727751967619098, ""doppler"": 0.0, ""angle"": -27.277011791016122, ""elevation"": 0.0}, {""range"": 0.5938384644865322, ""doppler"": 0.0, ""angle"": -30.549520352967455, ""elevation"": 0.0}, {""range"": 0.6170005573525711, ""doppler"": 0.0, ""angle"": -32.658403600610676, ""elevation"": 0.0}, {""range"": 0.24735351636225272, ""doppler"": 0.0, ""angle"": -4.519421500477069, ""elevation"": 0.0}, {""range"": 0.25087078803578206, ""doppler"": 0.0, ""angle"": -4.824688431638683, ""elevation"": 0.0}, {""range"": 0.8127068922427998, ""doppler"": 0.0, ""angle"": 5.238940669481947, ""elevation"": 0.0}, {""range"": 0.7845745988312873, ""doppler"": 0.0, ""angle"": 19.81017991432099, ""elevation"": 0.0}, {""range"": 0.7441743569077833, ""doppler"": 0.0, ""angle"": 39.65750209260986, ""elevation"": 0.0}]",1784842442002.7678
10,"[{""range"": 0.652042210267694, ""doppler"": 0.0, ""angle"": -36.48022195934016, ""elevation"": 0.0}, {""range"": 0.5759912418985185, ""doppler"": 0.0, ""angle"": -28.418816708929757, ""elevation"": 0.0}, {""range"": 0.5967713269561931, ""doppler"": 0.0, ""angle"": -31.58500817382702, ""elevation"": 0.0}, {""range"": 0.6181729866068416, ""doppler"": 0.0, ""angle"": -33.101684825875054, ""elevation"": 0.0}, {""range"": 0.23273552334404038, ""doppler"": 0.0, ""angle"": -6.174906568615045, ""elevation"": 0.0}, {""range"": 0.24501717947232063, ""doppler"": 0.0, ""angle"": -8.266112309106356, ""elevation"": 0.0}, {""range"": 0.24887360380791787, ""doppler"": 0.0, ""angle"": -9.428483457227491, ""elevation"": 0.0}, {""range"": 0.7876580268364081, ""doppler"": 0.0, ""angle"": 27.89727103094763, ""elevation"": 0.0}, {""range"": 0.7331180497338114, ""doppler"": 0.0, ""angle"": 34.71724985852767, ""elevation"": 0.0}, {""range"": 0.8512726143579704, ""doppler"": 0.0, ""angle"": 36.57864319869268, ""elevation"": 0.0}]",1784842442108.622
10,"[{""range"": 0.5745123634586878, ""doppler"": 0.0, ""angle"": -27.067492934027904, ""elevation"": 0.0}, {""range"": 0.5929166189415177, ""doppler"": 0.0, ""angle"": -29.8820496986649, ""elevation"": 0.0}, {""range"": 0.6148159272507857, ""doppler"": 0.0, ""angle"": -31.39243802442619, ""elevation"": 0.0}, {""range"": 0.6460613765898799, ""doppler"": 0.0, ""angle"": -31.336349266895866, ""elevation"": 0.0}, {""range"": 0.24118579631941248, ""doppler"": 0.0, ""angle"": -12.068055441848145, ""elevation"": 0.0}, {""range"": 0.2460267905470451, ""doppler"": 0.0, ""angle"": -12.551391775586588, ""elevation"": 0.0}, {""range"": 0.23031102851673665, ""doppler"": 0.0, ""angle"": -10.603259288760915, ""elevation"": 0.0}, {""range"": 0.7746042346312454, ""doppler"": 0.0, ""angle"": 22.331933543669326, ""elevation"": 0.0}, {""range"": 0.8130896106657954, ""doppler"": 0.0, ""angle"": 23.938180745178553, ""elevation"": 0.0}, {""range"": 0.7459634072491016, ""doppler"": 0.0, ""angle"": 27.510987528654784, ""elevation"": 0.0}]",1784842442208.4631
10,"[{""range"": 0.5895701505444843, ""doppler"": 0.0, ""angle"": -30.632949725469903, ""elevation"": 0.0}, {""range"": 0.6167036215296787, ""doppler"": 0.0, ""angle"": -32.952829405899614, ""elevation"": 0.0}, {""range"": 0.6534641650677212, ""doppler"": 0.0, ""angle"": -32.41587821599146, ""elevation"": 0.0}, {""range"": 0.530575384954483, ""doppler"": 0.0, ""angle"": -21.22051086035334, ""elevation"": 0.0}, {""range"": 0.5616740086296012, ""doppler"": 0.0, ""angle"": -25.29238362106961, ""elevation"": 0.0}, {""range"": 0.20968806445153174, ""doppler"": 0.0, ""angle"": -13.965142226848466, ""elevation"": 0.0}, {""range"": 0.2170094776936976, ""doppler"": 0.0, ""angle"": -15.582235664923438, ""elevation"": 0.0}, {""range"": 0.7392317055154023, ""doppler"": 0.0, ""angle"": 37.54070634989054, ""elevation"": 0.0}, {""range"": 0.7830706450052224, ""doppler"": 0.0, ""angle"": 37.139418186625214, ""elevation"": 0.0}, {""range"": 0.8073092687221775, ""doppler"": 0.0, ""angle"": 34.8516660929066, ""elevation"": 0.0}]",1784842442308.2922
8,"[{""range"": 0.5720479385701027, ""doppler"": 0.0, ""angle"": -27.213836272002894, ""elevation"": 0.0}, {""range"": 0.5944228112008841, ""doppler"": 0.0, ""angle"": -30.236586736186783, ""elevation"": 0.0}, {""range"": 0.6160635194684954, ""doppler"": 0.0, ""angle"": -30.681401200614218, ""elevation"": 0.0}, {""range"": 0.180631814528516, ""doppler"": 0.0, ""angle"": -10.26426154230566, ""elevation"": 0.0}, {""range"": 0.8067130748297473, ""doppler"": 0.0, ""angle"": 4.589619149552932, ""elevation"": 0.0}, {""range"": 0.9282810709895358, ""doppler"": 0.0, ""angle"": 6.092771657336066, ""elevation"": 0.0}, {""range"": 0.7471582495472362, ""doppler"": 0.0, ""angle"": 40.50610666600012, ""elevation"": 0.0}, {""range"": 0.7643140111547592, ""doppler"": 0.0, ""angle"": 41.5667480948065, ""elevation"": 0.0}]",1784842442403.172
6,"[{""range"": 0.9275024305242161, ""doppler"": 0.0, ""angle"": 2.5082655857925498, ""elevation"": 0.0}, {""range"": 0.6164580237713926, ""doppler"": 0.0, ""angle"": 6.094257115162361, ""elevation"": 0.0}, {""range"": 0.626390622791047, ""doppler"": 0.0, ""angle"": 5.652003523992501, ""elevation"": 0.0}, {""range"": 0.7689026621836094, ""doppler"": 0.0, ""angle"": 40.000059353863826, ""elevation"": 0.0}, {""range"": 0.7423582968901066, ""doppler"": 0.0, ""angle"": 45.478185660227496, ""elevation"": 0.0}, {""range"": 0.8831611346267197, ""doppler"": 0.0, ""angle"": 49.82903847158738, ""elevation"": 0.0}]",1784842442503.003
4,"[{""range"": 0.5733106305956278, ""doppler"": 0.0, ""angle"": -22.365554736849816, ""elevation"": 0.0}, {""range"": 0.6148787218899774, ""doppler"": 0.0, ""angle"": -2.2499865526095304, ""elevation"": 0.0}, {""range"": 0.6278157488840044, ""doppler"": 0.0, ""angle"": -0.016318934196458964, ""elevation"": 0.0}, {""range"": 0.6540322964696216, ""doppler"": 0.0, ""angle"": 1.0496001644246513, ""elevation"": 0.0}]",1784842442602.809
3,"[{""range"": 0.6333417149006075, ""doppler"": 0.0, ""angle"": 1.2942340397333236, ""elevation"": 0.0}, {""range"": 0.6591470671196927, ""doppler"": 0.0, ""angle"": 3.826481888993153, ""elevation"": 0.0}, {""range"": 1.5598526677875095, ""doppler"": 0.0, ""angle"": 9.122186165951526, ""elevation"": 0.0}]",1784842442702.687
7,"[{""range"": 0.5954492468006524, ""doppler"": 0.0, ""angle"": -26.849757918099556, ""elevation"": 0.0}, {""range"": 0.628181597136756, ""doppler"": 0.0, ""angle"": -0.2935710236430326, ""elevation"": 0.0}, {""range"": 1.5289382014828956, ""doppler"": 0.0, ""angle"": 10.546384423917624, ""elevation"": 0.0}, {""range"": 1.5566938594492947, ""doppler"": 0.0, ""angle"": 12.013395892880432, ""elevation"": 0.0}, {""range"": 1.5889125886861815, ""doppler"": 0.0, ""angle"": 11.707005545962074, ""elevation"": 0.0}, {""range"": 0.5047193950702432, ""doppler"": 0.0, ""angle"": 33.59998874864792, ""elevation"": 0.0}, {""range"": 0.554308718061564, ""doppler"": 0.0, ""angle"": 34.751263959630634, ""elevation"": 0.0}]",1784842442802.524
7,"[{""range"": 0.5618374792200895, ""doppler"": 0.0, ""angle"": -27.853662616561383, ""elevation"": 0.0}, {""range"": 0.6567606748657319, ""doppler"": 0.0, ""angle"": -27.360387188992195, ""elevation"": 0.0}, {""range"": 0.5990228368151918, ""doppler"": 0.0, ""angle"": -21.54097591853844, ""elevation"": 0.0}, {""range"": 0.6204120235859013, ""doppler"": 0.0, ""angle"": -8.987221203227897, ""elevation"": 0.0}, {""range"": 1.5598306421430976, ""doppler"": 0.0, ""angle"": 10.46875302767681, ""elevation"": 0.0}, {""range"": 1.5914062833063376, ""doppler"": 0.0, ""angle"": 12.52461799194211, ""elevation"": 0.0}, {""range"": 0.23737743411917753, ""doppler"": 0.0, ""angle"": 25.619216215348874, ""elevation"": 0.0}]",1784842442903.3909
7,"[{""range"": 0.5614573026164483, ""doppler"": 0.0, ""angle"": -28.246376699103518, ""elevation"": 0.0}, {""range"": 0.5930837701710594, ""doppler"": 0.0, ""angle"": -28.0562284903869, ""elevation"": 0.0}, {""range"": 0.6585793911624117, ""doppler"": 0.0, ""angle"": -28.847597383737867, ""elevation"": 0.0}, {""range"": 0.6192467767353727, ""doppler"": 0.0, ""angle"": -20.20361516832514, ""elevation"": 0.0}, {""range"": 0.9161909674283377, ""doppler"": 0.0, ""angle"": 3.143853171158403, ""elevation"": 0.0}, {""range"": 1.5607289623094007, ""doppler"": 0.0, ""angle"": 11.06404040119795, ""elevation"": 0.0}, {""range"": 1.587565214425714, ""doppler"": 0.0, ""angle"": 12.132618314433802, ""elevation"": 0.0}]",1784842443003.284
8,"[{""range"": 0.6636217788584091, ""doppler"": 0.0, ""angle"": -46.36470706955333, ""elevation"": 0.0}, {""range"": 0.7142008512690544, ""doppler"": 0.0, ""angle"": -45.77093067545175, ""elevation"": 0.0}, {""range"": 0.621382564078047, ""doppler"": 0.0, ""angle"": -38.6211836276685, ""elevation"": 0.0}, {""range"": 0.5705016470158767, ""doppler"": 0.0, ""angle"": -27.962623855236078, ""elevation"": 0.0}, {""range"": 0.593499852997073, ""doppler"": 0.0, ""angle"": -33.398013353654164, ""elevation"": 0.0}, {""range"": 0.9180382096978913, ""doppler"": 0.0, ""angle"": 2.779924416938599, ""elevation"": 0.0}, {""range"": 1.5600643604952822, ""doppler"": 0.0, ""angle"": 10.333628574708909, ""elevation"": 0.0}, {""range"": 1.5882746877357903, ""doppler"": 0.0, ""angle"": 13.131928361395206, ""elevation"": 0.0}]",1784842443103.124
7,"[{""range"": 0.6226814196573196, ""doppler"": 0.0, ""angle"": -34.23311759329299, ""elevation"": 0.0}, {""range"": 0.6600818719048355, ""doppler"": 0.0, ""angle"": -40.308361939369576, ""elevation"": 0.0}, {""range"": 0.5977621716847671, ""doppler"": 0.0, ""angle"": -33.45713981258596, ""elevation"": 0.0}, {""range"": 0.9144599322396615, ""doppler"": 0.0, ""angle"": 2.274937473547204, ""elevation"": 0.0}, {""range"": 1.5595692727011798, ""doppler"": 0.0, ""angle"": 11.085759628991964, ""elevation"": 0.0}, {""range"": 0.5209975582594547, ""doppler"": 0.0, ""angle"": 22.798360607946982, ""elevation"": 0.0}, {""range"": 0.5400873824203705, ""doppler"": 0.0, ""angle"": 32.548302432307636, ""elevation"": 0.0}]",1784842443202.94
